Workbook

Sheet Apuestas
A1: ⚽ MUNDIAL 2026 — CONTROL DE APUESTAS
A2: Apuesta: $100.000 por participante | Premio 1°: Pozo total − $100.000 | Premio 2°: $100.000
A3: Participante | B3: 1° Lugar | C3: 2° Lugar | D3: 3° Lugar | E3: 4° Lugar | F3: Pagó | G3: Fecha Pago | H3: Tipo Pago | I3: Observaciones | K3: =IF(COUNTIF(J4:J18,"<>"&" ")=COUNTIF(_xlfn.ANCHORARRAY(K4),"<>"&" "),TRUE,FALSE) -> TRUE
A4: Carlos | B4: Francia | C4: Brasil | D4: España | E4: Inglaterra | F4: ✓ Sí | G4: 46181 | H4: Transferencia | J4: =IF(F4="✗ No"," ",B4&"-"&C4&"-"&D4&"-"&E4) -> Francia-Brasil-España-Inglaterra | K4: {=_xlfn.UNIQUE(J4:J18)} -> Francia-Brasil-España-Inglaterra
A5: Cristian | B5: Francia | C5: Argentina | D5: España | E5: Inglaterra | F5: ✓ Sí | G5: 46175 | H5: Transferencia | J5: =IF(F5="✗ No"," ",B5&"-"&C5&"-"&D5&"-"&E5) -> Francia-Argentina-España-Inglaterra | K5: Francia-Argentina-España-Inglaterra
A6: Cristian Jr. | B6: Portugal | C6: Francia | D6: España | E6: Brasil | F6: ✓ Sí | G6: 46174 | H6: Transferencia | J6: =IF(F6="✗ No"," ",B6&"-"&C6&"-"&D6&"-"&E6) -> Portugal-Francia-España-Brasil | K6: Portugal-Francia-España-Brasil
A7: Dany | B7: España | C7: Francia | D7: Argentina | E7: Inglaterra | F7: ✓ Sí | G7: 46174 | H7: Transferencia | J7: =IF(F7="✗ No"," ",B7&"-"&C7&"-"&D7&"-"&E7) -> España-Francia-Argentina-Inglaterra | K7: España-Francia-Argentina-Inglaterra
A8: Dino | B8: Alemania | C8: Inglaterra | D8: Argentina | E8: Brasil | F8: ✓ Sí | G8: 46176 | H8: Transferencia | J8: =IF(F8="✗ No"," ",B8&"-"&C8&"-"&D8&"-"&E8) -> Alemania-Inglaterra-Argentina-Brasil | K8: Alemania-Inglaterra-Argentina-Brasil
A9: Don Segundo | B9: Francia | C9: Inglaterra | D9: España | E9: Argentina | F9: ✓ Sí | G9: 46175 | H9: Efectivo | J9: =IF(F9="✗ No"," ",B9&"-"&C9&"-"&D9&"-"&E9) -> Francia-Inglaterra-España-Argentina | K9: Francia-Inglaterra-España-Argentina
A10: Fabian | B10: Francia | C10: Portugal | D10: Argentina | E10: España | F10: ✓ Sí | G10: 46178 | H10: Transferencia | J10: =IF(F10="✗ No"," ",B10&"-"&C10&"-"&D10&"-"&E10) -> Francia-Portugal-Argentina-España | K10: Francia-Portugal-Argentina-España
A11: JM | B11: España | C11: Francia | D11: Inglaterra | E11: Portugal | F11: ✓ Sí | G11: 46174 | H11: Transferencia | J11: =IF(F11="✗ No"," ",B11&"-"&C11&"-"&D11&"-"&E11) -> España-Francia-Inglaterra-Portugal | K11: España-Francia-Inglaterra-Portugal
A12: Juan Reveco | B12: España | C12: Francia | D12: Inglaterra | E12: Brasil | F12: ✓ Sí | G12: 46176 | H12: Transferencia | J12: =IF(F12="✗ No"," ",B12&"-"&C12&"-"&D12&"-"&E12) -> España-Francia-Inglaterra-Brasil | K12: España-Francia-Inglaterra-Brasil
A13: Kote | F13: ✗ No | I13: Pendiente pago | J13: =IF(F13="✗ No"," ",B13&"-"&C13&"-"&D13&"-"&E13)
A14: Manuel | B14: Holanda | C14: Inglaterra | D14: Francia | E14: Alemania | F14: ✓ Sí | G14: 46175 | H14: Transferencia | J14: =IF(F14="✗ No"," ",B14&"-"&C14&"-"&D14&"-"&E14) -> Holanda-Inglaterra-Francia-Alemania | K14: Holanda-Inglaterra-Francia-Alemania
A15: Marcelo | F15: ✗ No | I15: Pendiente pago | J15: =IF(F15="✗ No"," ",B15&"-"&C15&"-"&D15&"-"&E15) | K15: España-Brasil-Alemania-Argentina
A16: Pablo | B16: España | C16: Brasil | D16: Alemania | E16: Argentina | F16: ✓ Sí | G16: 46176 | H16: Efectivo | J16: =IF(F16="✗ No"," ",B16&"-"&C16&"-"&D16&"-"&E16) -> España-Brasil-Alemania-Argentina | K16: España-Portugal-Francia-Alemania
A17: Robinson | B17: España | C17: Portugal | D17: Francia | E17: Alemania | F17: ✓ Sí | G17: 46178 | H17: Transferencia | J17: =IF(F17="✗ No"," ",B17&"-"&C17&"-"&D17&"-"&E17) -> España-Portugal-Francia-Alemania
A18: Victor Candia | F18: ✗ No | I18: Pendiente pago | J18: =IF(F18="✗ No"," ",B18&"-"&C18&"-"&D18&"-"&E18)

Sheet Resultados Oficiales
A1: ⚽ RESULTADOS OFICIALES — MUNDIAL 2026
A2: Completar una vez finalizado el torneo
A3: Posición | B3: Selección | C3: Puntos a repartir
A4: 🥇 1° Lugar | B4: Por Definir | C4: 4
A5: 🥈 2° Lugar | B5: Por Definir | C5: 3
A6: 🥉 3° Lugar | B6: Por Definir | C6: 2
A7: 4° Lugar | B7: Por Definir | C7: 1

Sheet Tabla de Puntajes
A1: ⚽ TABLA DE PUNTAJES — MUNDIAL 2026
A2: Los puntajes se calculan automáticamente al completar 'Resultados Oficiales'
A3: # | B3: Participante | C3: Pts. 1° | D3: Pts. 2° | E3: Pts. 3° | F3: Pts. 4° | G3: TOTAL | H3: Premio
A4: 1 | B4: =Apuestas!A4 -> Carlos | C4: =IF(Apuestas!B4='Resultados Oficiales'!$B$4,4,0) -> 0 | D4: =IF(Apuestas!C4='Resultados Oficiales'!$B$5,3,0) -> 0 | E4: =IF(Apuestas!D4='Resultados Oficiales'!$B$6,2,0) -> 0 | F4: =IF(Apuestas!E4='Resultados Oficiales'!$B$7,1,0) -> 0 | G4: =SUM(C4:F4) -> 0
A5: 2 | B5: =Apuestas!A5 -> Cristian | C5: =IF(Apuestas!B5='Resultados Oficiales'!$B$4,4,0) -> 0 | D5: =IF(Apuestas!C5='Resultados Oficiales'!$B$5,3,0) -> 0 | E5: =IF(Apuestas!D5='Resultados Oficiales'!$B$6,2,0) -> 0 | F5: =IF(Apuestas!E5='Resultados Oficiales'!$B$7,1,0) -> 0 | G5: =SUM(C5:F5) -> 0
A6: 3 | B6: =Apuestas!A6 -> Cristian Jr. | C6: =IF(Apuestas!B6='Resultados Oficiales'!$B$4,4,0) -> 0 | D6: =IF(Apuestas!C6='Resultados Oficiales'!$B$5,3,0) -> 0 | E6: =IF(Apuestas!D6='Resultados Oficiales'!$B$6,2,0) -> 0 | F6: =IF(Apuestas!E6='Resultados Oficiales'!$B$7,1,0) -> 0 | G6: =SUM(C6:F6) -> 0
A7: 4 | B7: =Apuestas!A7 -> Dany | C7: =IF(Apuestas!B7='Resultados Oficiales'!$B$4,4,0) -> 0 | D7: =IF(Apuestas!C7='Resultados Oficiales'!$B$5,3,0) -> 0 | E7: =IF(Apuestas!D7='Resultados Oficiales'!$B$6,2,0) -> 0 | F7: =IF(Apuestas!E7='Resultados Oficiales'!$B$7,1,0) -> 0 | G7: =SUM(C7:F7) -> 0
A8: 5 | B8: =Apuestas!A8 -> Dino | C8: =IF(Apuestas!B8='Resultados Oficiales'!$B$4,4,0) -> 0 | D8: =IF(Apuestas!C8='Resultados Oficiales'!$B$5,3,0) -> 0 | E8: =IF(Apuestas!D8='Resultados Oficiales'!$B$6,2,0) -> 0 | F8: =IF(Apuestas!E8='Resultados Oficiales'!$B$7,1,0) -> 0 | G8: =SUM(C8:F8) -> 0
A9: 6 | B9: =Apuestas!A9 -> Don Segundo | C9: =IF(Apuestas!B9='Resultados Oficiales'!$B$4,4,0) -> 0 | D9: =IF(Apuestas!C9='Resultados Oficiales'!$B$5,3,0) -> 0 | E9: =IF(Apuestas!D9='Resultados Oficiales'!$B$6,2,0) -> 0 | F9: =IF(Apuestas!E9='Resultados Oficiales'!$B$7,1,0) -> 0 | G9: =SUM(C9:F9) -> 0
A10: 7 | B10: =Apuestas!A10 -> Fabian | C10: =IF(Apuestas!B10='Resultados Oficiales'!$B$4,4,0) -> 0 | D10: =IF(Apuestas!C10='Resultados Oficiales'!$B$5,3,0) -> 0 | E10: =IF(Apuestas!D10='Resultados Oficiales'!$B$6,2,0) -> 0 | F10: =IF(Apuestas!E10='Resultados Oficiales'!$B$7,1,0) -> 0 | G10: =SUM(C10:F10) -> 0
A11: 8 | B11: =Apuestas!A11 -> JM | C11: =IF(Apuestas!B11='Resultados Oficiales'!$B$4,4,0) -> 0 | D11: =IF(Apuestas!C11='Resultados Oficiales'!$B$5,3,0) -> 0 | E11: =IF(Apuestas!D11='Resultados Oficiales'!$B$6,2,0) -> 0 | F11: =IF(Apuestas!E11='Resultados Oficiales'!$B$7,1,0) -> 0 | G11: =SUM(C11:F11) -> 0
A12: 9 | B12: =Apuestas!A12 -> Juan Reveco | C12: =IF(Apuestas!B12='Resultados Oficiales'!$B$4,4,0) -> 0 | D12: =IF(Apuestas!C12='Resultados Oficiales'!$B$5,3,0) -> 0 | E12: =IF(Apuestas!D12='Resultados Oficiales'!$B$6,2,0) -> 0 | F12: =IF(Apuestas!E12='Resultados Oficiales'!$B$7,1,0) -> 0 | G12: =SUM(C12:F12) -> 0
A13: 10 | B13: =Apuestas!A13 -> Kote | C13: =IF(Apuestas!B13='Resultados Oficiales'!$B$4,4,0) -> 0 | D13: =IF(Apuestas!C13='Resultados Oficiales'!$B$5,3,0) -> 0 | E13: =IF(Apuestas!D13='Resultados Oficiales'!$B$6,2,0) -> 0 | F13: =IF(Apuestas!E13='Resultados Oficiales'!$B$7,1,0) -> 0 | G13: =SUM(C13:F13) -> 0

Sheet Resumen Financiero
A1: 💰 RESUMEN FINANCIERO
A2: Participantes confirmados (pagaron) | B2: =COUNTIF(Apuestas!F4:F18,"✓ Sí") -> 12
A3: Total pozo recaudado ($) | B3: =COUNTIF(Apuestas!F4:F18,"✓ Sí")*100000 -> 1200000
A5: Premio 1° lugar ($) | B5: =COUNTIF(Apuestas!F4:F18,"✓ Sí")*100000-100000 -> 1100000 | C5: Pozo total − $100.000
A6: Premio 2° lugar ($) | B6: 100000 | C6: $100.000 fijo
A7: Total premios ($) | B7: =B5+B6 -> 1200000
